model,difficulty,t1_absolute_error,t2_cpl,t2_legal,t3_score,job_id
llama3.2:3b,easy,363.5,,0.0,1.0,2
llama3.2:3b,extreme,27.333333333333332,,0.0,0.3333333333333333,3
llama3.2:3b,hard,205.0,,0.0,0.0,2
qwen2.5:7b,easy,1441.2307692307693,452.5,0.038461538461538464,0.38461538461538464,52
qwen2.5:7b,extreme,180.39285714285714,2028.0,0.10714285714285714,0.32142857142857145,56
qwen2.5:7b,hard,714.796875,6476.625,0.125,0.40625,64
qwen2.5:7b,medium,236.8,1809.75,0.16,0.38,50
