model,t1_absolute_error_mean,t1_absolute_error_std,t1_absolute_error_median,t1_direction_correct_mean,t2_legal_mean,t2_cpl_mean,t2_cpl_std,t2_cpl_median,t3_p1_side_correct_mean,t3_p2_theme_correct_mean,t3_score_mean,t3_score_std,job_id_count,inference_ms_mean,inference_ms_median
llama3.2:3b,2568.0,4087.2534428246986,350.0,0.2777777777777778,0.10526315789473684,431.0,601.0407640085654,431.0,0.47368421052631576,0.10526315789473684,0.5789473684210527,0.6924826089821247,19,2129.5263157894738,636.0
qwen2.5:7b,1307.1904761904761,2977.63635992858,231.0,0.31845238095238093,0.1130952380952381,2423.6315789473683,3763.793984518114,458.0,0.3541666666666667,0.0744047619047619,0.42857142857142855,0.5579432226121654,336,730.0595238095239,639.5
