model_family,model_size_b,t1_absolute_error,t2_cpl,t2_legal,t3_score,job_id
llama,3,2568.0,431.0,0.10526315789473684,0.5789473684210527,19
qwen,7,1307.1904761904761,2423.6315789473683,0.1130952380952381,0.42857142857142855,336
