model,phase,t1_absolute_error,t2_cpl,t3_score,job_id
llama3.2:3b,endgame,4354.6,6.0,0.45454545454545453,11
llama3.2:3b,middlegame,271.85714285714283,,0.7142857142857143,7
llama3.2:3b,opening,775.0,856.0,1.0,1
qwen2.5:7b,endgame,2615.7678571428573,4689.0,0.24107142857142858,112
qwen2.5:7b,middlegame,780.5054945054945,2647.7096774193546,0.5714285714285714,182
qwen2.5:7b,opening,99.95238095238095,128.2,0.30952380952380953,42
