model,source,t1_absolute_error,t2_cpl,t2_legal,t3_score,job_id
llama3.2:3b,generated,4091.3636363636365,431.0,0.16666666666666666,0.6666666666666666,12
llama3.2:3b,lichess_puzzles,174.14285714285714,,0.0,0.42857142857142855,7
qwen2.5:7b,generated,2601.6052631578946,909.5714285714286,0.12280701754385964,0.5350877192982456,114
qwen2.5:7b,lichess_puzzles,642.490990990991,3306.8333333333335,0.10810810810810811,0.3738738738738739,222
